{
    "IsEncrypted": false,
    "Values": {
        "AzureWebJobsStorage": "",
        "FUNCTIONS_WORKER_RUNTIME": "node",
        "WEBSITE_CONTENTAZUREFILECONNECTIONSTRING": "DefaultEndpointsProtocol=https;AccountName=yhnxew53ezypkazfunctions;AccountKey=NGj3L0Up0oqjP+IaZUwRfBnm1yh41oBbb12b4ISflyEoErjrL5yzcMbhl2aRfXk28W1UyHNF7OhHlBAXHHsKFA==",
        "WEBSITE_SLOT_NAME": "Production",
        "FUNCTIONS_EXTENSION_VERSION": "~2",
        "ScmType": "None",
        "REQUIRED_CONFIG_SET": "",
        "WEBSITE_AUTH_ENABLED": "False",
        "DEBUG_LOGGER_OUTPUT_QUEUE_ENABLED": "false",
        "REST_APP_SECRET": "Ym5qaLqzjsDUDK5s2o8vOsOoJBHe8PI/jWqzF26xTaM=",
        "REST_API_MASTER_KEY": "2H667hm3W17NUUaGGmZKLRHM1oAXpAEiKndzum1bwedypVDCtmbe4bOEGbvTrIggTLdLjPqZqsIRwdgpWzaUAg==",
        "SCALING_GROUP_NAME_PAYG": "jl01ashypayg",
        "FORTIGATE_PSKSECRET": "Fortinet123#",
        "APPINSIGHTS_INSTRUMENTATIONKEY": "d9a93d82-b71e-4b81-a4a0-6bdaa1987bbc",
        "HEART_BEAT_LOSS_COUNT": "3",
        "AzureWebJobsDashboard": "DefaultEndpointsProtocol=https;AccountName=yhnxew53ezypkazfunctions;AccountKey=NGj3L0Up0oqjP+IaZUwRfBnm1yh41oBbb12b4ISflyEoErjrL5yzcMbhl2aRfXk28W1UyHNF7OhHlBAXHHsKFA==",
        "DEBUG_SAVE_CUSTOM_LOG_ON_ERROR": "true",
        "WEBSITE_RUN_FROM_ZIP": "https://s3-us-west-2.amazonaws.com/jliang01-temp/fortigate-autoscale-azure-funcapp.zip",
        "WEBSITE_NODE_DEFAULT_VERSION": "8.11.1",
        "VM_INFO_CACHE_ENABLED": "true",
        "SCRIPT_TIMEOUT": "300",
        "UNIQUE_ID": "",
        "DEBUG_LOGGER_TIMEZONE_OFFSET": "-8",
        "AZURE_STORAGE_ACCESS_KEY": "NGj3L0Up0oqjP+IaZUwRfBnm1yh41oBbb12b4ISflyEoErjrL5yzcMbhl2aRfXk28W1UyHNF7OhHlBAXHHsKFA==",
        "SUBSCRIPTION_ID": "4f27b38c-ad3f-43d8-a9a3-01182e5e2f9a",
        "MASTER_SCALING_GROUP_NAME": "jl01ashybyol",
        "TENANT_ID": "942b80cd-1b14-42a1-8dcf-4b21dece61ba",
        "SCALESET_DB_ACCOUNT": "jl01ashy",
        "WEBSITE_SITE_NAME": "jl01ashy",
        "SCALING_GROUP_NAME_BYOL": "jl01ashybyol",
        "WEBSITE_CONTENTSHARE": "jl01ashy",
        "AZURE_STORAGE_ACCOUNT": "yhnxew53ezypkazfunctions",
        "REST_APP_ID": "14dbd5c5-307e-4ea4-8133-68738141feb1",
        "DEBUG_SAVE_CUSTOM_LOG": "true",
        "CUSTOM_ID": "",
        "RESOURCE_GROUP": "jliang01-dev-autoscale-hybrid"
    }
}
