{
  "IsEncrypted": false,
  "Values": {
    "WEBSITE_CONTENTAZUREFILECONNECTIONSTRING": "DefaultEndpointsProtocol=https;AccountName=g6uy2intcvdhcazfunctions;AccountKey=6rjygkyRQ+7OtLZhx/WqHC1gMG9QOWI6K3T7Khv9MQWn3duCS0pjaqJgNkAa2U4wYYIpw7L9LIkedjiVSmmEBg==",
    "WEBSITE_SLOT_NAME": "Production",
    "FUNCTIONS_EXTENSION_VERSION": "beta",
    "ScmType": "None",
    "REQUIRED_CONFIG_SET": "",
    "WEBSITE_AUTH_ENABLED": "False",
    "SCALESET_DB_ACCOUNT": "jl01ashy5",
    "REST_APP_SECRET": "Ym5qaLqzjsDUDK5s2o8vOsOoJBHe8PI/jWqzF26xTaM=",
    "REST_API_MASTER_KEY": "e3793suKAUPZYwvyVaMp1qXJU4c0VwUb7jfcs4HOmTWgA76mDKS2IbX0PFaVa3knJOtp8H7TzwufJyspj7zsog==",
    "SCRIPT_TIMEOUT": "300",
    "SCALING_GROUP_NAME_PAYG": "jl01ashy5payg",
    "FORTIGATE_PSKSECRET": "Fortinet123#",
    "APPINSIGHTS_INSTRUMENTATIONKEY": "c868ed6b-85c2-40e5-a0c0-06dd9356a728",
    "HEART_BEAT_LOSS_COUNT": "3",
    "AzureWebJobsDashboard": "DefaultEndpointsProtocol=https;AccountName=g6uy2intcvdhcazfunctions;AccountKey=6rjygkyRQ+7OtLZhx/WqHC1gMG9QOWI6K3T7Khv9MQWn3duCS0pjaqJgNkAa2U4wYYIpw7L9LIkedjiVSmmEBg==",
    "WEBSITE_RUN_FROM_ZIP": "https://s3-us-west-2.amazonaws.com/jliang01-temp/fortigate-autoscale-azure-funcapp.zip",
    "WEBSITE_NODE_DEFAULT_VERSION": "8.11.1",
    "SUBSCRIPTION_ID": "4f27b38c-ad3f-43d8-a9a3-01182e5e2f9a",
    "WEBSITE_CONTENTSHARE": "jl01ashy5",
    "GET_LICENSE_GRACE_PERIOD": "600",
    "UNIQUE_ID": "",
    "AZURE_STORAGE_ACCESS_KEY": "6rjygkyRQ+7OtLZhx/WqHC1gMG9QOWI6K3T7Khv9MQWn3duCS0pjaqJgNkAa2U4wYYIpw7L9LIkedjiVSmmEBg==",
    "MASTER_SCALING_GROUP_NAME": "jl01ashy5byol",
    "TENANT_ID": "942b80cd-1b14-42a1-8dcf-4b21dece61ba",
    "RESOURCE_GROUP": "jliang01-dev-autoscale-hybrid5",
    "AzureWebJobsStorage": "DefaultEndpointsProtocol=https;AccountName=g6uy2intcvdhcazfunctions;AccountKey=6rjygkyRQ+7OtLZhx/WqHC1gMG9QOWI6K3T7Khv9MQWn3duCS0pjaqJgNkAa2U4wYYIpw7L9LIkedjiVSmmEBg==",
    "WEBSITE_SITE_NAME": "jl01ashy5",
    "SCALING_GROUP_NAME_BYOL": "jl01ashy5byol",
    "AZURE_STORAGE_ACCOUNT": "g6uy2intcvdhcazfunctions",
    "REST_APP_ID": "14dbd5c5-307e-4ea4-8133-68738141feb1",
    "CUSTOM_ID": "",
    "DEBUG_LOGGER_OUTPUT_QUEUE_ENABLED": "true",
    "DEBUG_LOGGER_TIMEZONE_OFFSET": "-8",
    "DEBUG_SAVE_CUSTOM_LOG": "true",
    "ELECTION_WAIT_TIME": 60
  }
}
